{"cameraMode":{"drawMode":0,"name":"Shaded","section":"Shading Mode"},"sceneLighting":true,"audioPlay":false,"sceneViewState":{"showFog":true,"showMaterialUpdate":false,"showSkybox":true,"showFlares":true,"showImageEffects":true,"showParticleSystems":true,"showVisualEffectGraphs":true,"m_FxEnabled":true},"in2DMode":false,"pivot":{"x":25.107357025146486,"y":1.3746601343154908,"z":-1.2251085042953492},"rotation":{"x":-0.12878815829753877,"y":0.05028477683663368,"z":-0.006528092548251152,"w":-0.9904000163078308},"size":4.628898620605469,"orthographic":false}