{"cameraMode":{"drawMode":0,"name":"Shaded","section":"Shading Mode"},"sceneLighting":true,"audioPlay":false,"sceneViewState":{"showFog":true,"showMaterialUpdate":false,"showSkybox":true,"showFlares":true,"showImageEffects":true,"showParticleSystems":true,"showVisualEffectGraphs":true,"m_FxEnabled":true},"in2DMode":false,"pivot":{"x":-1.8396648168563843,"y":0.7776215672492981,"z":-0.3937497138977051},"rotation":{"x":0.12613952159881593,"y":-0.32285910844802859,"z":0.043451081961393359,"w":0.937015175819397},"size":50.164222717285159,"orthographic":false}