{"cameraMode":{"drawMode":0,"name":"Shaded","section":"Shading Mode"},"sceneLighting":true,"audioPlay":false,"sceneViewState":{"showFog":true,"showMaterialUpdate":false,"showSkybox":true,"showFlares":true,"showImageEffects":true,"showParticleSystems":true,"showVisualEffectGraphs":true,"m_FxEnabled":true},"in2DMode":false,"pivot":{"x":271.72259521484377,"y":207.085693359375,"z":156.82977294921876},"rotation":{"x":0.07221914827823639,"y":0.02810223214328289,"z":-0.0020434323232620956,"w":0.9970057010650635},"size":356.4773254394531,"orthographic":false}