{"cameraMode":{"drawMode":0,"name":"Shaded","section":"Shading Mode"},"sceneLighting":true,"audioPlay":false,"sceneViewState":{"showFog":true,"showMaterialUpdate":false,"showSkybox":true,"showFlares":true,"showImageEffects":true,"showParticleSystems":true,"showVisualEffectGraphs":true,"m_FxEnabled":true},"in2DMode":false,"pivot":{"x":36.31986999511719,"y":1.7421379089355469,"z":11.264484405517579},"rotation":{"x":0.16990409791469575,"y":-0.31490275263786318,"z":0.0573965385556221,"w":0.9320418238639832},"size":37.158809661865237,"orthographic":false}